COD_PROV:Integer;PROVINCIA:String:set:size=30;COD_INE:Integer:set:pk=true;MUNICIPIO:String:set:size=100
46;"VALENCIA";46001;"Ademuz"
46;"VALENCIA";46002;"Ador"
46;"VALENCIA";46004;"Agullent"
46;"VALENCIA";46042;"Aielo de Malferit"
46;"VALENCIA";46043;"Aielo de Rugat"
46;"VALENCIA";46005;"Alaquàs"
46;"VALENCIA";46006;"Albaida"
46;"VALENCIA";46007;"Albal"
46;"VALENCIA";46008;"Albalat de la Ribera"
46;"VALENCIA";46009;"Albalat dels Sorells"
46;"VALENCIA";46010;"Albalat dels Tarongers"
46;"VALENCIA";46011;"Alberic"
46;"VALENCIA";46012;"Alborache"
46;"VALENCIA";46013;"Alboraia/Alboraya"
46;"VALENCIA";46014;"Albuixech"
46;"VALENCIA";46016;"Alcàntera de Xúquer"
46;"VALENCIA";46015;"Alcàsser"
46;"VALENCIA";46018;"Alcublas"
46;"VALENCIA";46020;"Alcúdia de Crespins, l'"
46;"VALENCIA";46019;"Alcúdia, l'"
46;"VALENCIA";46021;"Aldaia"
46;"VALENCIA";46022;"Alfafar"
46;"VALENCIA";46024;"Alfara de la Baronia"
46;"VALENCIA";46025;"Alfara del Patriarca"
46;"VALENCIA";46026;"Alfarp"
46;"VALENCIA";46027;"Alfarrasí"
46;"VALENCIA";46023;"Alfauir"
46;"VALENCIA";46028;"Algar de Palancia"
46;"VALENCIA";46029;"Algemesí"
46;"VALENCIA";46030;"Algímia d'Alfara"
46;"VALENCIA";46031;"Alginet"
46;"VALENCIA";46032;"Almàssera"
46;"VALENCIA";46033;"Almiserà"
46;"VALENCIA";46034;"Almoines"
46;"VALENCIA";46035;"Almussafes"
46;"VALENCIA";46036;"Alpuente"
46;"VALENCIA";46037;"Alqueria de la Comtessa, l'"
46;"VALENCIA";46017;"Alzira"
46;"VALENCIA";46038;"Andilla"
46;"VALENCIA";46039;"Anna"
46;"VALENCIA";46040;"Antella"
46;"VALENCIA";46041;"Aras de los Olmos"
46;"VALENCIA";46003;"Atzeneta d'Albaida"
46;"VALENCIA";46044;"Ayora"
46;"VALENCIA";46046;"Barx"
46;"VALENCIA";46045;"Barxeta"
46;"VALENCIA";46047;"Bèlgida"
46;"VALENCIA";46048;"Bellreguard"
46;"VALENCIA";46049;"Bellús"
46;"VALENCIA";46050;"Benagéber"
46;"VALENCIA";46051;"Benaguasil"
46;"VALENCIA";46052;"Benavites"
46;"VALENCIA";46053;"Beneixida"
46;"VALENCIA";46054;"Benetússer"
46;"VALENCIA";46055;"Beniarjó"
46;"VALENCIA";46056;"Beniatjar"
46;"VALENCIA";46057;"Benicolet"
46;"VALENCIA";46904;"Benicull de Xúquer"
46;"VALENCIA";46060;"Benifaió"
46;"VALENCIA";46059;"Benifairó de la Valldigna"
46;"VALENCIA";46058;"Benifairó de les Valls"
46;"VALENCIA";46061;"Beniflá"
46;"VALENCIA";46062;"Benigànim"
46;"VALENCIA";46063;"Benimodo"
46;"VALENCIA";46064;"Benimuslem"
46;"VALENCIA";46065;"Beniparrell"
46;"VALENCIA";46066;"Benirredrà"
46;"VALENCIA";46067;"Benissanó"
46;"VALENCIA";46068;"Benissoda"
46;"VALENCIA";46069;"Benissuera"
46;"VALENCIA";46070;"Bétera"
46;"VALENCIA";46071;"Bicorp"
46;"VALENCIA";46072;"Bocairent"
46;"VALENCIA";46073;"Bolbaite"
46;"VALENCIA";46074;"Bonrepòs i Mirambell"
46;"VALENCIA";46075;"Bufali"
46;"VALENCIA";46076;"Bugarra"
46;"VALENCIA";46077;"Buñol"
46;"VALENCIA";46078;"Burjassot"
46;"VALENCIA";46079;"Calles"
46;"VALENCIA";46080;"Camporrobles"
46;"VALENCIA";46081;"Canals"
46;"VALENCIA";46082;"Canet d'En Berenguer"
46;"VALENCIA";46083;"Carcaixent"
46;"VALENCIA";46084;"Càrcer"
46;"VALENCIA";46085;"Carlet"
46;"VALENCIA";46086;"Carrícola"
46;"VALENCIA";46087;"Casas Altas"
46;"VALENCIA";46088;"Casas Bajas"
46;"VALENCIA";46089;"Casinos"
46;"VALENCIA";46090;"Castelló de Rugat"
46;"VALENCIA";46091;"Castellonet de la Conquesta"
46;"VALENCIA";46092;"Castielfabib"
46;"VALENCIA";46093;"Catadau"
46;"VALENCIA";46094;"Catarroja"
46;"VALENCIA";46095;"Caudete de las Fuentes"
46;"VALENCIA";46096;"Cerdà"
46;"VALENCIA";46107;"Chella"
46;"VALENCIA";46106;"Chelva"
46;"VALENCIA";46108;"Chera"
46;"VALENCIA";46109;"Cheste"
46;"VALENCIA";46111;"Chiva"
46;"VALENCIA";46112;"Chulilla"
46;"VALENCIA";46097;"Cofrentes"
46;"VALENCIA";46098;"Corbera"
46;"VALENCIA";46099;"Cortes de Pallás"
46;"VALENCIA";46100;"Cotes"
46;"VALENCIA";46105;"Cullera"
46;"VALENCIA";46113;"Daimús"
46;"VALENCIA";46114;"Domeño"
46;"VALENCIA";46115;"Dos Aguas"
46;"VALENCIA";46116;"Eliana, l'"
46;"VALENCIA";46117;"Emperador"
46;"VALENCIA";46118;"Enguera"
46;"VALENCIA";46119;"Ènova, l'"
46;"VALENCIA";46120;"Estivella"
46;"VALENCIA";46121;"Estubeny"
46;"VALENCIA";46122;"Faura"
46;"VALENCIA";46123;"Favara"
46;"VALENCIA";46126;"Foios"
46;"VALENCIA";46128;"Font de la Figuera, la"
46;"VALENCIA";46127;"Font d'En Carròs, la"
46;"VALENCIA";46124;"Fontanars dels Alforins"
46;"VALENCIA";46125;"Fortaleny"
46;"VALENCIA";46129;"Fuenterrobles"
46;"VALENCIA";46131;"Gandia"
46;"VALENCIA";46902;"Gátova"
46;"VALENCIA";46130;"Gavarda"
46;"VALENCIA";46132;"Genovés, el"
46;"VALENCIA";46133;"Gestalgar"
46;"VALENCIA";46134;"Gilet"
46;"VALENCIA";46135;"Godella"
46;"VALENCIA";46136;"Godelleta"
46;"VALENCIA";46137;"Granja de la Costera, la"
46;"VALENCIA";46138;"Guadasséquies"
46;"VALENCIA";46139;"Guadassuar"
46;"VALENCIA";46140;"Guardamar de la Safor"
46;"VALENCIA";46141;"Higueruelas"
46;"VALENCIA";46142;"Jalance"
46;"VALENCIA";46144;"Jarafuel"
46;"VALENCIA";46154;"Llanera de Ranes"
46;"VALENCIA";46155;"Llaurí"
46;"VALENCIA";46147;"Llíria"
46;"VALENCIA";46152;"Llocnou de la Corona"
46;"VALENCIA";46153;"Llocnou de Sant Jeroni"
46;"VALENCIA";46151;"Llocnou d'En Fenollet"
46;"VALENCIA";46156;"Llombai"
46;"VALENCIA";46157;"Llosa de Ranes, la"
46;"VALENCIA";46150;"Llutxent"
46;"VALENCIA";46148;"Loriguilla"
46;"VALENCIA";46149;"Losa del Obispo"
46;"VALENCIA";46158;"Macastre"
46;"VALENCIA";46159;"Manises"
46;"VALENCIA";46160;"Manuel"
46;"VALENCIA";46161;"Marines"
46;"VALENCIA";46162;"Massalavés"
46;"VALENCIA";46163;"Massalfassar"
46;"VALENCIA";46164;"Massamagrell"
46;"VALENCIA";46165;"Massanassa"
46;"VALENCIA";46166;"Meliana"
46;"VALENCIA";46167;"Millares"
46;"VALENCIA";46168;"Miramar"
46;"VALENCIA";46169;"Mislata"
46;"VALENCIA";46170;"Mogente/Moixent"
46;"VALENCIA";46171;"Moncada"
46;"VALENCIA";46173;"Montaverner"
46;"VALENCIA";46174;"Montesa"
46;"VALENCIA";46175;"Montitxelvo/Montichelvo"
46;"VALENCIA";46176;"Montroi/Montroy"
46;"VALENCIA";46172;"Montserrat"
46;"VALENCIA";46177;"Museros"
46;"VALENCIA";46178;"Nàquera/Náquera"
46;"VALENCIA";46179;"Navarrés"
46;"VALENCIA";46180;"Novelé/Novetlè"
46;"VALENCIA";46181;"Oliva"
46;"VALENCIA";46183;"Olleria, l'"
46;"VALENCIA";46182;"Olocau"
46;"VALENCIA";46184;"Ontinyent"
46;"VALENCIA";46185;"Otos"
46;"VALENCIA";46186;"Paiporta"
46;"VALENCIA";46187;"Palma de Gandía"
46;"VALENCIA";46188;"Palmera"
46;"VALENCIA";46189;"Palomar, el"
46;"VALENCIA";46190;"Paterna"
46;"VALENCIA";46191;"Pedralba"
46;"VALENCIA";46192;"Petrés"
46;"VALENCIA";46193;"Picanya"
46;"VALENCIA";46194;"Picassent"
46;"VALENCIA";46195;"Piles"
46;"VALENCIA";46196;"Pinet"
46;"VALENCIA";46199;"Pobla de Farnals, la"
46;"VALENCIA";46202;"Pobla de Vallbona, la"
46;"VALENCIA";46200;"Pobla del Duc, la"
46;"VALENCIA";46203;"Pobla Llarga, la"
46;"VALENCIA";46197;"Polinyà de Xúquer"
46;"VALENCIA";46198;"Potries"
46;"VALENCIA";46205;"Puçol"
46;"VALENCIA";46201;"Puebla de San Miguel"
46;"VALENCIA";46204;"Puig de Santa Maria, el"
46;"VALENCIA";46101;"Quart de les Valls"
46;"VALENCIA";46102;"Quart de Poblet"
46;"VALENCIA";46103;"Quartell"
46;"VALENCIA";46104;"Quatretonda"
46;"VALENCIA";46206;"Quesa"
46;"VALENCIA";46207;"Rafelbunyol"
46;"VALENCIA";46208;"Rafelcofer"
46;"VALENCIA";46209;"Rafelguaraf"
46;"VALENCIA";46210;"Ráfol de Salem"
46;"VALENCIA";46212;"Real"
46;"VALENCIA";46211;"Real de Gandia, el"
46;"VALENCIA";46213;"Requena"
46;"VALENCIA";46214;"Riba-roja de Túria"
46;"VALENCIA";46215;"Riola"
46;"VALENCIA";46216;"Rocafort"
46;"VALENCIA";46217;"Rotglà i Corberà"
46;"VALENCIA";46218;"Rótova"
46;"VALENCIA";46219;"Rugat"
46;"VALENCIA";46220;"Sagunto/Sagunt"
46;"VALENCIA";46221;"Salem"
46;"VALENCIA";46903;"San Antonio de Benagéber"
46;"VALENCIA";46222;"Sant Joanet"
46;"VALENCIA";46223;"Sedaví"
46;"VALENCIA";46224;"Segart"
46;"VALENCIA";46225;"Sellent"
46;"VALENCIA";46226;"Sempere"
46;"VALENCIA";46227;"Senyera"
46;"VALENCIA";46228;"Serra"
46;"VALENCIA";46229;"Siete Aguas"
46;"VALENCIA";46230;"Silla"
46;"VALENCIA";46231;"Simat de la Valldigna"
46;"VALENCIA";46232;"Sinarcas"
46;"VALENCIA";46233;"Sollana"
46;"VALENCIA";46234;"Sot de Chera"
46;"VALENCIA";46235;"Sueca"
46;"VALENCIA";46236;"Sumacàrcer"
46;"VALENCIA";46237;"Tavernes Blanques"
46;"VALENCIA";46238;"Tavernes de la Valldigna"
46;"VALENCIA";46239;"Teresa de Cofrentes"
46;"VALENCIA";46240;"Terrateig"
46;"VALENCIA";46241;"Titaguas"
46;"VALENCIA";46242;"Torrebaja"
46;"VALENCIA";46243;"Torrella"
46;"VALENCIA";46244;"Torrent"
46;"VALENCIA";46245;"Torres Torres"
46;"VALENCIA";46246;"Tous"
46;"VALENCIA";46247;"Tuéjar"
46;"VALENCIA";46248;"Turís"
46;"VALENCIA";46249;"Utiel"
46;"VALENCIA";46250;"València"
46;"VALENCIA";46251;"Vallada"
46;"VALENCIA";46252;"Vallanca"
46;"VALENCIA";46253;"Vallés"
46;"VALENCIA";46254;"Venta del Moro"
46;"VALENCIA";46255;"Vilallonga/Villalonga"
46;"VALENCIA";46256;"Vilamarxant"
46;"VALENCIA";46257;"Villanueva de Castellón"
46;"VALENCIA";46258;"Villar del Arzobispo"
46;"VALENCIA";46259;"Villargordo del Cabriel"
46;"VALENCIA";46260;"Vinalesa"
46;"VALENCIA";46145;"Xàtiva"
46;"VALENCIA";46143;"Xeraco"
46;"VALENCIA";46146;"Xeresa"
46;"VALENCIA";46110;"Xirivella"
46;"VALENCIA";46261;"Yátova"
46;"VALENCIA";46262;"Yesa, La"
46;"VALENCIA";46263;"Zarra"
12;"CASTELLÓN";12002;"Aín"
12;"CASTELLÓN";12003;"Albocàsser"
12;"CASTELLÓN";12004;"Alcalà de Xivert"
12;"CASTELLÓN";12005;"Alcora, l'"
12;"CASTELLÓN";12006;"Alcudia de Veo"
12;"CASTELLÓN";12007;"Alfondeguilla"
12;"CASTELLÓN";12008;"Algimia de Almonacid"
12;"CASTELLÓN";12009;"Almassora"
12;"CASTELLÓN";12010;"Almedíjar"
12;"CASTELLÓN";12011;"Almenara"
12;"CASTELLÓN";12901;"Alqueries, les/Alquerías del Niño Perdido"
12;"CASTELLÓN";12012;"Altura"
12;"CASTELLÓN";12013;"Arañuel"
12;"CASTELLÓN";12014;"Ares del Maestrat"
12;"CASTELLÓN";12015;"Argelita"
12;"CASTELLÓN";12016;"Artana"
12;"CASTELLÓN";12001;"Atzeneta del Maestrat"
12;"CASTELLÓN";12017;"Ayódar"
12;"CASTELLÓN";12018;"Azuébar"
12;"CASTELLÓN";12020;"Barracas"
12;"CASTELLÓN";12022;"Bejís"
12;"CASTELLÓN";12024;"Benafer"
12;"CASTELLÓN";12025;"Benafigos"
12;"CASTELLÓN";12026;"Benassal"
12;"CASTELLÓN";12027;"Benicarló"
12;"CASTELLÓN";12028;"Benicasim/Benicàssim"
12;"CASTELLÓN";12029;"Benlloc"
12;"CASTELLÓN";12021;"Betxí"
12;"CASTELLÓN";12032;"Borriana/Burriana"
12;"CASTELLÓN";12031;"Borriol"
12;"CASTELLÓN";12033;"Cabanes"
12;"CASTELLÓN";12034;"Càlig"
12;"CASTELLÓN";12036;"Canet lo Roig"
12;"CASTELLÓN";12037;"Castell de Cabres"
12;"CASTELLÓN";12038;"Castellfort"
12;"CASTELLÓN";12039;"Castellnovo"
12;"CASTELLÓN";12040;"Castelló de la Plana"
12;"CASTELLÓN";12041;"Castillo de Villamalefa"
12;"CASTELLÓN";12042;"Catí"
12;"CASTELLÓN";12043;"Caudiel"
12;"CASTELLÓN";12044;"Cervera del Maestre"
12;"CASTELLÓN";12053;"Chilches/Xilxes"
12;"CASTELLÓN";12055;"Chodos/Xodos"
12;"CASTELLÓN";12056;"Chóvar"
12;"CASTELLÓN";12045;"Cinctorres"
12;"CASTELLÓN";12046;"Cirat"
12;"CASTELLÓN";12048;"Cortes de Arenoso"
12;"CASTELLÓN";12049;"Costur"
12;"CASTELLÓN";12050;"Coves de Vinromà, les"
12;"CASTELLÓN";12051;"Culla"
12;"CASTELLÓN";12057;"Eslida"
12;"CASTELLÓN";12058;"Espadilla"
12;"CASTELLÓN";12059;"Fanzara"
12;"CASTELLÓN";12060;"Figueroles"
12;"CASTELLÓN";12061;"Forcall"
12;"CASTELLÓN";12063;"Fuente la Reina"
12;"CASTELLÓN";12064;"Fuentes de Ayódar"
12;"CASTELLÓN";12065;"Gaibiel"
12;"CASTELLÓN";12067;"Geldo"
12;"CASTELLÓN";12068;"Herbés"
12;"CASTELLÓN";12069;"Higueras"
12;"CASTELLÓN";12070;"Jana, la"
12;"CASTELLÓN";12071;"Jérica"
12;"CASTELLÓN";12074;"Llosa, la"
12;"CASTELLÓN";12072;"Llucena/Lucena del Cid"
12;"CASTELLÓN";12073;"Ludiente"
12;"CASTELLÓN";12075;"Mata de Morella, la"
12;"CASTELLÓN";12076;"Matet"
12;"CASTELLÓN";12077;"Moncofa"
12;"CASTELLÓN";12078;"Montán"
12;"CASTELLÓN";12079;"Montanejos"
12;"CASTELLÓN";12080;"Morella"
12;"CASTELLÓN";12081;"Navajas"
12;"CASTELLÓN";12082;"Nules"
12;"CASTELLÓN";12083;"Olocau del Rey"
12;"CASTELLÓN";12084;"Onda"
12;"CASTELLÓN";12085;"Oropesa del Mar/Orpesa"
12;"CASTELLÓN";12087;"Palanques"
12;"CASTELLÓN";12088;"Pavías"
12;"CASTELLÓN";12089;"Peníscola/Peñíscola"
12;"CASTELLÓN";12090;"Pina de Montalgrao"
12;"CASTELLÓN";12093;"Pobla de Benifassà, la"
12;"CASTELLÓN";12094;"Pobla Tornesa, la"
12;"CASTELLÓN";12091;"Portell de Morella"
12;"CASTELLÓN";12092;"Puebla de Arenoso"
12;"CASTELLÓN";12095;"Ribesalbes"
12;"CASTELLÓN";12096;"Rossell"
12;"CASTELLÓN";12097;"Sacañet"
12;"CASTELLÓN";12098;"Salzadella, la"
12;"CASTELLÓN";12101;"San Rafael del Río"
12;"CASTELLÓN";12902;"Sant Joan de Moró"
12;"CASTELLÓN";12099;"Sant Jordi/San Jorge"
12;"CASTELLÓN";12100;"Sant Mateu"
12;"CASTELLÓN";12102;"Santa Magdalena de Pulpis"
12;"CASTELLÓN";12104;"Segorbe"
12;"CASTELLÓN";12103;"Serratella, la"
12;"CASTELLÓN";12105;"Sierra Engarcerán"
12;"CASTELLÓN";12106;"Soneja"
12;"CASTELLÓN";12107;"Sot de Ferrer"
12;"CASTELLÓN";12108;"Sueras/Suera"
12;"CASTELLÓN";12109;"Tales"
12;"CASTELLÓN";12110;"Teresa"
12;"CASTELLÓN";12111;"Tírig"
12;"CASTELLÓN";12112;"Todolella"
12;"CASTELLÓN";12113;"Toga"
12;"CASTELLÓN";12114;"Torás"
12;"CASTELLÓN";12115;"Toro, El"
12;"CASTELLÓN";12116;"Torralba del Pinar"
12;"CASTELLÓN";12119;"Torre d'En Besora, la"
12;"CASTELLÓN";12120;"Torre d'en Doménec, la"
12;"CASTELLÓN";12117;"Torreblanca"
12;"CASTELLÓN";12118;"Torrechiva"
12;"CASTELLÓN";12121;"Traiguera"
12;"CASTELLÓN";12122;"Useras/Useres, les"
12;"CASTELLÓN";12124;"Vall d'Alba"
12;"CASTELLÓN";12125;"Vall de Almonacid"
12;"CASTELLÓN";12126;"Vall d'Uixó, la"
12;"CASTELLÓN";12123;"Vallat"
12;"CASTELLÓN";12127;"Vallibona"
12;"CASTELLÓN";12128;"Vilafamés"
12;"CASTELLÓN";12129;"Vilafranca/Villafranca del Cid"
12;"CASTELLÓN";12132;"Vilanova d'Alcolea"
12;"CASTELLÓN";12134;"Vilar de Canes"
12;"CASTELLÓN";12135;"Vila-real"
12;"CASTELLÓN";12136;"Vilavella, la"
12;"CASTELLÓN";12130;"Villahermosa del Río"
12;"CASTELLÓN";12131;"Villamalur"
12;"CASTELLÓN";12133;"Villanueva de Viver"
12;"CASTELLÓN";12137;"Villores"
12;"CASTELLÓN";12138;"Vinaròs"
12;"CASTELLÓN";12139;"Vistabella del Maestrat"
12;"CASTELLÓN";12140;"Viver"
12;"CASTELLÓN";12052;"Xert"
12;"CASTELLÓN";12141;"Zorita del Maestrazgo"
12;"CASTELLÓN";12142;"Zucaina"
03;"ALICANTE";03002;"Agost"
03;"ALICANTE";03003;"Agres"
03;"ALICANTE";03004;"Aigües"
03;"ALICANTE";03005;"Albatera"
03;"ALICANTE";03006;"Alcalalí"
03;"ALICANTE";03007;"Alcocer de Planes"
03;"ALICANTE";03008;"Alcoleja"
03;"ALICANTE";03009;"Alcoy/Alcoi"
03;"ALICANTE";03010;"Alfafara"
03;"ALICANTE";03011;"Alfàs del Pi, l'"
03;"ALICANTE";03012;"Algorfa"
03;"ALICANTE";03013;"Algueña"
03;"ALICANTE";03014;"Alicante/Alacant"
03;"ALICANTE";03015;"Almoradí"
03;"ALICANTE";03016;"Almudaina"
03;"ALICANTE";03017;"Alqueria d'Asnar, l'"
03;"ALICANTE";03018;"Altea"
03;"ALICANTE";03019;"Aspe"
03;"ALICANTE";03001;"Atzúbia, l'"
03;"ALICANTE";03020;"Balones"
03;"ALICANTE";03021;"Banyeres de Mariola"
03;"ALICANTE";03022;"Benasau"
03;"ALICANTE";03023;"Beneixama"
03;"ALICANTE";03024;"Benejúzar"
03;"ALICANTE";03025;"Benferri"
03;"ALICANTE";03026;"Beniarbeig"
03;"ALICANTE";03027;"Beniardá"
03;"ALICANTE";03028;"Beniarrés"
03;"ALICANTE";03030;"Benidoleig"
03;"ALICANTE";03031;"Benidorm"
03;"ALICANTE";03032;"Benifallim"
03;"ALICANTE";03033;"Benifato"
03;"ALICANTE";03029;"Benigembla"
03;"ALICANTE";03034;"Benijófar"
03;"ALICANTE";03035;"Benilloba"
03;"ALICANTE";03036;"Benillup"
03;"ALICANTE";03037;"Benimantell"
03;"ALICANTE";03038;"Benimarfull"
03;"ALICANTE";03039;"Benimassot"
03;"ALICANTE";03040;"Benimeli"
03;"ALICANTE";03041;"Benissa"
03;"ALICANTE";03042;"Benitachell/Poble Nou de Benitatxell, el"
03;"ALICANTE";03043;"Biar"
03;"ALICANTE";03044;"Bigastro"
03;"ALICANTE";03045;"Bolulla"
03;"ALICANTE";03046;"Busot"
03;"ALICANTE";03049;"Callosa de Segura"
03;"ALICANTE";03048;"Callosa d'en Sarrià"
03;"ALICANTE";03047;"Calp"
03;"ALICANTE";03050;"Campello, el"
03;"ALICANTE";03051;"Campo de Mirra/Camp de Mirra, el"
03;"ALICANTE";03052;"Cañada"
03;"ALICANTE";03053;"Castalla"
03;"ALICANTE";03054;"Castell de Castells"
03;"ALICANTE";03075;"Castell de Guadalest, el"
03;"ALICANTE";03055;"Catral"
03;"ALICANTE";03056;"Cocentaina"
03;"ALICANTE";03057;"Confrides"
03;"ALICANTE";03058;"Cox"
03;"ALICANTE";03059;"Crevillent"
03;"ALICANTE";03061;"Daya Nueva"
03;"ALICANTE";03062;"Daya Vieja"
03;"ALICANTE";03063;"Dénia"
03;"ALICANTE";03064;"Dolores"
03;"ALICANTE";03065;"Elche/Elx"
03;"ALICANTE";03066;"Elda"
03;"ALICANTE";03067;"Facheca"
03;"ALICANTE";03068;"Famorca"
03;"ALICANTE";03069;"Finestrat"
03;"ALICANTE";03077;"Fondó de les Neus, el/Hondón de las Nieves"
03;"ALICANTE";03070;"Formentera del Segura"
03;"ALICANTE";03072;"Gaianes"
03;"ALICANTE";03071;"Gata de Gorgos"
03;"ALICANTE";03073;"Gorga"
03;"ALICANTE";03074;"Granja de Rocamora"
03;"ALICANTE";03076;"Guardamar del Segura"
03;"ALICANTE";03078;"Hondón de los Frailes"
03;"ALICANTE";03079;"Ibi"
03;"ALICANTE";03080;"Jacarilla"
03;"ALICANTE";03082;"Jávea/Xàbia"
03;"ALICANTE";03083;"Jijona/Xixona"
03;"ALICANTE";03085;"Llíber"
03;"ALICANTE";03084;"Lorcha/Orxa, l'"
03;"ALICANTE";03086;"Millena"
03;"ALICANTE";03088;"Monforte del Cid"
03;"ALICANTE";03089;"Monóvar/Monòver"
03;"ALICANTE";03903;"Montesinos, Los"
03;"ALICANTE";03091;"Murla"
03;"ALICANTE";03092;"Muro de Alcoy"
03;"ALICANTE";03090;"Mutxamel"
03;"ALICANTE";03093;"Novelda"
03;"ALICANTE";03094;"Nucia, la"
03;"ALICANTE";03095;"Ondara"
03;"ALICANTE";03096;"Onil"
03;"ALICANTE";03097;"Orba"
03;"ALICANTE";03099;"Orihuela"
03;"ALICANTE";03098;"Orxeta"
03;"ALICANTE";03100;"Parcent"
03;"ALICANTE";03101;"Pedreguer"
03;"ALICANTE";03102;"Pego"
03;"ALICANTE";03103;"Penàguila"
03;"ALICANTE";03104;"Petrer"
03;"ALICANTE";03902;"Pilar de la Horadada"
03;"ALICANTE";03105;"Pinós, el/Pinoso"
03;"ALICANTE";03106;"Planes"
03;"ALICANTE";03901;"Poblets, els"
03;"ALICANTE";03107;"Polop"
03;"ALICANTE";03060;"Quatretondeta"
03;"ALICANTE";03109;"Rafal"
03;"ALICANTE";03110;"Ràfol d'Almúnia, el"
03;"ALICANTE";03111;"Redován"
03;"ALICANTE";03112;"Relleu"
03;"ALICANTE";03113;"Rojales"
03;"ALICANTE";03114;"Romana, la"
03;"ALICANTE";03115;"Sagra"
03;"ALICANTE";03116;"Salinas"
03;"ALICANTE";03118;"San Fulgencio"
03;"ALICANTE";03904;"San Isidro"
03;"ALICANTE";03120;"San Miguel de Salinas"
03;"ALICANTE";03122;"San Vicente del Raspeig/Sant Vicent del Raspeig"
03;"ALICANTE";03117;"Sanet y Negrals"
03;"ALICANTE";03119;"Sant Joan d'Alacant"
03;"ALICANTE";03121;"Santa Pola"
03;"ALICANTE";03123;"Sax"
03;"ALICANTE";03124;"Sella"
03;"ALICANTE";03125;"Senija"
03;"ALICANTE";03127;"Tàrbena"
03;"ALICANTE";03128;"Teulada"
03;"ALICANTE";03129;"Tibi"
03;"ALICANTE";03130;"Tollos"
03;"ALICANTE";03131;"Tormos"
03;"ALICANTE";03132;"Torremanzanas/Torre de les Maçanes, la"
03;"ALICANTE";03133;"Torrevieja"
03;"ALICANTE";03134;"Vall d'Alcalà, la"
03;"ALICANTE";03136;"Vall de Gallinera"
03;"ALICANTE";03137;"Vall de Laguar, la"
03;"ALICANTE";03135;"Vall d'Ebo, la"
03;"ALICANTE";03138;"Verger, el"
03;"ALICANTE";03139;"Villajoyosa/Vila Joiosa, la"
03;"ALICANTE";03140;"Villena"
03;"ALICANTE";03081;"Xaló"
